source_sha256,schema_version,time_unit,event_id,offset,ticks,kind,actor_id,object_id,quality,message,spreadsheet_escaped
e150612caeba73359d7d6a96e13bb5c40b5d2b11ca817808ed4bab938253a084,1,recorder_ticks,0:168,168,0,trace_start,,,[],,false
e150612caeba73359d7d6a96e13bb5c40b5d2b11ca817808ed4bab938253a084,1,recorder_ticks,0:180,180,3,object_name,,0x800a1510:0,[],,false
e150612caeba73359d7d6a96e13bb5c40b5d2b11ca817808ed4bab938253a084,1,recorder_ticks,0:196,196,180,object_name,,0x80081710:0,[],,false
e150612caeba73359d7d6a96e13bb5c40b5d2b11ca817808ed4bab938253a084,1,recorder_ticks,0:220,220,183,task_create,,0x80081710:0,[],,false
e150612caeba73359d7d6a96e13bb5c40b5d2b11ca817808ed4bab938253a084,1,recorder_ticks,0:236,236,185,task_ready,,0x80081710:0,[],,false
e150612caeba73359d7d6a96e13bb5c40b5d2b11ca817808ed4bab938253a084,1,recorder_ticks,0:248,248,279,object_name,,0x80081f90:0,[],,false
e150612caeba73359d7d6a96e13bb5c40b5d2b11ca817808ed4bab938253a084,1,recorder_ticks,0:268,268,282,task_create,,0x80081f90:0,[],,false
e150612caeba73359d7d6a96e13bb5c40b5d2b11ca817808ed4bab938253a084,1,recorder_ticks,0:284,284,283,task_ready,,0x80081f90:0,[],,false
e150612caeba73359d7d6a96e13bb5c40b5d2b11ca817808ed4bab938253a084,1,recorder_ticks,0:296,296,377,object_name,,0x80082810:0,[],,false
e150612caeba73359d7d6a96e13bb5c40b5d2b11ca817808ed4bab938253a084,1,recorder_ticks,0:316,316,380,task_create,,0x80082810:0,[],,false
e150612caeba73359d7d6a96e13bb5c40b5d2b11ca817808ed4bab938253a084,1,recorder_ticks,0:332,332,382,task_ready,,0x80082810:0,[],,false
e150612caeba73359d7d6a96e13bb5c40b5d2b11ca817808ed4bab938253a084,1,recorder_ticks,0:344,344,435,object_name,,0x80082c90:0,[],,false
e150612caeba73359d7d6a96e13bb5c40b5d2b11ca817808ed4bab938253a084,1,recorder_ticks,0:364,364,437,task_create,,0x80082c90:0,[],,false
e150612caeba73359d7d6a96e13bb5c40b5d2b11ca817808ed4bab938253a084,1,recorder_ticks,0:380,380,439,task_ready,,0x80082c90:0,[],,false
e150612caeba73359d7d6a96e13bb5c40b5d2b11ca817808ed4bab938253a084,1,recorder_ticks,0:392,392,441,task_switch,0x80081710:0,0x80081710:0,[],,false
e150612caeba73359d7d6a96e13bb5c40b5d2b11ca817808ed4bab938253a084,1,recorder_ticks,0:408,408,546,user_event,0x80081710:0,0x800a1510:0,[],POC|logger_bad|START|0,false
e150612caeba73359d7d6a96e13bb5c40b5d2b11ca817808ed4bab938253a084,1,recorder_ticks,0:448,448,549,task_notify,0x80081710:0,0x80081f90:0,[],,false
e150612caeba73359d7d6a96e13bb5c40b5d2b11ca817808ed4bab938253a084,1,recorder_ticks,0:460,460,551,task_notify,0x80081710:0,0x80082810:0,[],,false
e150612caeba73359d7d6a96e13bb5c40b5d2b11ca817808ed4bab938253a084,1,recorder_ticks,0:472,472,553,task_notify_wait_block,0x80081710:0,0x80081710:0,[],,false
e150612caeba73359d7d6a96e13bb5c40b5d2b11ca817808ed4bab938253a084,1,recorder_ticks,0:488,488,557,task_switch,0x80082810:0,0x80082810:0,[],,false
e150612caeba73359d7d6a96e13bb5c40b5d2b11ca817808ed4bab938253a084,1,recorder_ticks,0:504,504,560,task_notify_wait,0x80082810:0,0x80082810:0,[],,false
e150612caeba73359d7d6a96e13bb5c40b5d2b11ca817808ed4bab938253a084,1,recorder_ticks,0:520,520,584,user_event,0x80082810:0,0x800a1510:0,[],POC|logger_bad|LOGGER_BEGIN|0,false
e150612caeba73359d7d6a96e13bb5c40b5d2b11ca817808ed4bab938253a084,1,recorder_ticks,0:568,568,10526,new_time,0x80082810:0,,[],,false
e150612caeba73359d7d6a96e13bb5c40b5d2b11ca817808ed4bab938253a084,1,recorder_ticks,0:580,580,20525,new_time,0x80082810:0,,[],,false
e150612caeba73359d7d6a96e13bb5c40b5d2b11ca817808ed4bab938253a084,1,recorder_ticks,0:592,592,30526,new_time,0x80082810:0,,[],,false
e150612caeba73359d7d6a96e13bb5c40b5d2b11ca817808ed4bab938253a084,1,recorder_ticks,0:604,604,40525,new_time,0x80082810:0,,[],,false
