label,workload_id,variant,guest_ns,instructions,cycles,l1i_misses,l1d_misses,l2_misses,stack_cycles,text,data,bss,packets
A01-baseline,A01,baseline,2492100,341555,1075147,1700,394,752,177836,41556,144,296928,25
A01-pbuf,A01,pbuf,2473100,339155,1066845,1574,390,753,170172,41556,144,296928,25
A02-baseline,A02,baseline,2522900,346485,1088094,1687,383,770,179781,41824,144,296928,25
A02-pbuf,A02,pbuf,2528400,342493,1092825,1731,383,775,173013,41824,144,296928,25
A03-baseline,A03,baseline,2487700,341360,1073072,1693,393,748,176291,41556,144,296928,25
A03-pbuf,A03,pbuf,2473100,338998,1066942,1584,390,756,170407,41556,144,296928,25
A04-baseline,A04,baseline,2489200,341584,1073722,1693,394,747,176517,41556,144,296928,25
A04-pbuf,A04,pbuf,2474200,339146,1067434,1584,390,756,170459,41556,144,296928,25
A05-baseline,A05,baseline,2638200,362293,1137835,1699,413,765,198694,41556,144,297120,25
A05-pbuf,A05,pbuf,2578300,352597,1112701,1570,410,774,174530,41556,144,297120,25
A06-baseline,A06,baseline,2722600,376967,1172668,1702,410,770,210612,41828,144,297120,25
A06-pbuf,A06,pbuf,2665000,359091,1152802,1723,409,784,179493,41828,144,297120,25
A07-baseline,A07,baseline,2572600,355853,1108253,1678,380,779,189964,41844,144,296928,25
A07-pbuf,A07,pbuf,2561000,346873,1106946,1737,380,783,197584,41844,144,296928,25
A08-baseline,A08,baseline,3567600,492248,1537544,1785,551,919,334297,41556,144,298336,27
A08-pbuf,A08,pbuf,3270100,436800,1416518,1663,546,932,230921,41556,144,298336,27
