candidate,mode,repeat,context,role,instructions,memory_cycles,model_service_ns,accounted_model_ns,l1i,l1d,l2,ram_read,ram_write
A02-pbuf,1,2,task:2148022416,application_harness,114062,394000,788000,902062,125841,14537,107232,2070,144320
A02-pbuf,1,2,task:2148022416,lwip,58951,186218,372436,431387,59773,15867,50496,5346,54736
A02-pbuf,1,2,task:2148022416,runtime_library,164929,489277,978554,1143483,164929,50676,113656,4212,155804
A02-pbuf,1,2,irq:7,kernel_port,454,3921,7842,8296,457,294,1264,630,1276
A02-pbuf,1,2,irq:7,recorder,353,2326,4652,5005,353,165,728,288,792
A02-pbuf,1,2,irq:7,application_harness,212,1238,2476,2688,216,60,368,198,396
A02-pbuf,1,2,irq:7,runtime_library,14,67,134,148,14,1,16,36,0
A02-pbuf,1,2,task:2148014096,kernel_port,109,786,1572,1681,109,51,240,144,242
A02-pbuf,1,2,task:2148014096,observer_entry,14,84,168,182,14,5,32,0,33
A02-pbuf,1,2,task:2148014096,application_harness,178,925,1850,2028,180,53,272,90,330
A02-pbuf,1,2,task:2148014096,runtime_library,2258,10038,20076,22334,2265,785,2792,720,3476
A02-pbuf,1,2,task:2148014096,recorder,633,2016,4032,4665,634,149,496,198,539
A02-pbuf,1,2,scheduler_transition,kernel_port,143,1048,2096,2239,143,100,336,18,451
A02-pbuf,1,2,scheduler_transition,runtime_library,14,15,30,44,14,1,0,0,0
A02-pbuf,1,2,scheduler_transition,recorder,116,626,1252,1368,116,54,192,0,264
A02-pbuf,1,2,scheduler_transition,application_harness,53,240,480,533,54,15,72,0,99
