profile,scope,function,l1i,l1d,l2,ram_read,ram_write,total
illustrative-ram-80,harness,memcpy,77769,25888,103552,20768,271824,499801
illustrative-ram-80,harness,session_task,71479,11942,94696,3256,248304,429677
illustrative-ram-80,harness,memcmp,81792,23360,8,88,0,105248
illustrative-ram-80,stack_window,tcp_input,3876,1742,5744,3520,14259,29141
illustrative-ram-80,harness,memset,3502,692,5536,0,14532,24262
illustrative-ram-80,stack_window,lwip_standard_chksum,20555,3198,0,0,0,23753
illustrative-ram-80,harness,inject,2256,802,5368,792,13902,23120
illustrative-ram-80,stack_window,tcp_output,3035,1706,4736,1408,12012,22897
illustrative-ram-80,stack_window,tcp_receive,1694,797,2296,1936,5502,12225
illustrative-ram-80,stack_window,ip4_output_if_src,1199,528,2776,528,7161,12192
illustrative-ram-80,stack_window,ip4_input,1820,714,2432,880,6174,12020
illustrative-ram-80,stack_window,memset,1606,320,2576,440,6720,11662
illustrative-ram-80,stack_window,tcp_create_segment,790,420,2048,528,5250,9036
illustrative-ram-80,stack_window,tcp_write,1248,456,1816,1144,4368,9032
illustrative-ram-80,stack_window,inet_chksum_pseudo,1970,515,1464,88,3843,7880
illustrative-ram-80,harness,snapshot,1100,425,1432,704,3675,7336
illustrative-ram-80,stack_window,pbuf_alloc,766,321,1504,88,3948,6627
illustrative-ram-80,harness,pbuf_copy_partial,1416,415,1280,176,3318,6605
illustrative-ram-80,harness,pbuf_alloc,700,266,1376,440,3528,6310
illustrative-ram-80,stack_window,tcp_free_acked_segments.isra.0,850,450,1304,264,3360,6228
illustrative-ram-80,stack_window,pbuf_free,1081,380,1272,88,3318,6139
illustrative-ram-80,stack_window,pbuf_get_at,1280,256,1032,88,2688,5344
illustrative-ram-80,harness,mem_malloc,878,263,824,792,1995,4752
illustrative-ram-80,harness,phase,567,297,880,704,2268,4716
illustrative-ram-80,stack_window,mem_free,1276,413,720,440,1785,4634
illustrative-ram-80,harness,inet_chksum_pseudo,1036,266,800,176,2058,4336
illustrative-ram-80,harness,consume,786,271,656,440,1617,3770
illustrative-ram-80,stack_window,phase,270,108,864,0,2268,3510
illustrative-ram-80,stack_window,mem_malloc,695,210,624,88,1638,3255
illustrative-ram-80,stack_window,pbuf_remove_header,560,168,672,0,1764,3164
illustrative-ram-80,stack_window,do_memp_malloc_pool,319,214,472,1144,966,3115
illustrative-ram-80,stack_window,pbuf_alloc_reference,184,120,704,0,1848,2856
illustrative-ram-80,stack_window,pbuf_add_header_impl,567,147,504,0,1323,2541
illustrative-ram-80,stack_window,memp_free,378,189,528,88,1323,2506
illustrative-ram-80,harness,lwip_standard_chksum,1996,202,24,264,0,2486
illustrative-ram-80,harness,pbuf_free,288,134,528,0,1386,2336
illustrative-ram-80,stack_window,tcp_slowtmr,208,102,416,792,798,2316
illustrative-ram-80,stack_window,on_recv,1372,173,176,88,441,2250
illustrative-ram-80,harness,pbuf_add_header_impl,378,98,352,176,882,1886
illustrative-ram-80,harness,pbuf_remove_header,280,84,352,176,882,1774
illustrative-ram-80,stack_window,output_packet,187,88,368,88,924,1655
illustrative-ram-80,stack_window,session_task,202,57,264,528,588,1639
illustrative-ram-80,stack_window,tcp_alloc,102,44,288,440,672,1546
illustrative-ram-80,stack_window,lwip_htons,1524,0,0,0,0,1524
illustrative-ram-80,stack_window,pbuf_try_get_at,1024,384,0,0,0,1408
illustrative-ram-80,stack_window,lwip_htonl,1313,0,0,0,0,1313
illustrative-ram-80,stack_window,on_sent,152,72,264,88,672,1248
illustrative-ram-80,stack_window,tcp_output_alloc_header_common.constprop.0,77,39,256,264,609,1245
illustrative-ram-80,harness,lwip_htons,936,0,8,88,0,1032
illustrative-ram-80,stack_window,tcp_enqueue_flags,89,34,152,352,315,942
illustrative-ram-80,stack_window,tcp_seg_free,130,50,168,88,420,856
illustrative-ram-80,stack_window,tcp_listen_with_backlog_and_err,62,35,160,176,378,811
illustrative-ram-80,harness,lwip_htonl,780,0,0,0,0,780
illustrative-ram-80,stack_window,tcp_fasttmr,64,34,128,264,252,742
illustrative-ram-80,stack_window,pbuf_cat,80,40,136,88,336,680
illustrative-ram-80,harness,inet_chksum,126,28,120,88,294,656
illustrative-ram-80,stack_window,tcp_close_shutdown,68,22,80,352,126,648
illustrative-ram-80,stack_window,tcp_pcb_remove,45,23,112,176,252,608
illustrative-ram-80,stack_window,tcp_bind,50,18,72,352,105,597
illustrative-ram-80,stack_window,inject,308,168,8,88,0,572
illustrative-ram-80,stack_window,inet_chksum,126,28,112,0,294,560
illustrative-ram-80,stack_window,tcp_parseopt.part.0,43,17,80,264,147,551
illustrative-ram-80,stack_window,ip4_input_accept,196,42,24,264,0,526
illustrative-ram-80,stack_window,memp_malloc,189,21,24,264,0,498
illustrative-ram-80,stack_window,tcp_output_control_segment_netif,48,22,88,88,210,456
illustrative-ram-80,stack_window,ip4_addr_isbroadcast_u32,224,28,16,176,0,444
illustrative-ram-80,stack_window,pbuf_clen,296,36,8,88,0,428
illustrative-ram-80,stack_window,pbuf_ref,55,22,88,0,231,396
illustrative-ram-80,stack_window,tcp_update_rcv_ann_wnd,100,25,48,88,105,366
illustrative-ram-80,stack_window,ip4_route,204,60,8,88,0,360
illustrative-ram-80,stack_window,on_accept,22,7,48,176,84,337
illustrative-ram-80,stack_window,tcp_recved,42,12,56,88,126,324
illustrative-ram-80,harness,resources,20,17,64,88,126,315
illustrative-ram-80,stack_window,tcp_output_alloc_header.constprop.0,19,11,40,176,63,309
illustrative-ram-80,stack_window,tcp_pcb_purge,35,13,48,88,105,289
illustrative-ram-80,stack_window,tcp_get_next_optbyte,36,20,40,88,84,268
illustrative-ram-80,stack_window,tcp_send_fin,16,9,40,88,84,237
illustrative-ram-80,stack_window,tcp_input_delayed_close,140,30,16,0,42,228
illustrative-ram-80,stack_window,tcp_send_empty_ack,24,7,32,88,63,214
illustrative-ram-80,stack_window,tcp_close_shutdown_fin,20,6,32,88,63,209
illustrative-ram-80,harness,mem_free,63,21,32,0,84,200
illustrative-ram-80,stack_window,tcp_output_control_segment,23,11,40,0,105,179
illustrative-ram-80,stack_window,z0_stack_begin,54,0,8,88,0,150
illustrative-ram-80,stack_window,tcp_close,15,4,16,88,21,144
illustrative-ram-80,stack_window,tcp_next_iss,6,3,16,88,21,134
illustrative-ram-80,stack_window,tcp_accept,6,2,16,88,21,133
illustrative-ram-80,stack_window,tcp_recv,3,1,16,88,21,129
illustrative-ram-80,stack_window,tcp_eff_send_mss_netif,28,2,8,88,0,126
illustrative-ram-80,stack_window,tcp_timer_needed,3,0,8,88,0,99
illustrative-ram-80,harness,tcp_capture_begin,2,0,8,88,0,98
illustrative-ram-80,stack_window,tcp_listen_with_backlog,2,0,8,88,0,98
illustrative-ram-80,stack_window,tcp_new,2,0,8,88,0,98
illustrative-ram-80,stack_window,ip4_output_if,55,11,0,0,0,66
illustrative-ram-80,harness,z0_stack_end,54,0,0,0,0,54
illustrative-ram-80,stack_window,pbuf_add_header,42,0,0,0,0,42
illustrative-ram-80,stack_window,tcp_sent,3,1,8,0,21,33
illustrative-ram-80,harness,pbuf_add_header,28,0,0,0,0,28
illustrative-ram-80,stack_window,ip_chksum_pseudo,25,0,0,0,0,25
illustrative-ram-80,stack_window,tcp_free,6,0,0,0,0,6
illustrative-ram-80,stack_window,tcp_segs_free,4,0,0,0,0,4
illustrative-ram-160,harness,memcpy,77769,25888,103552,39648,271824,518681
illustrative-ram-160,harness,session_task,71479,11942,94696,6216,248304,432637
illustrative-ram-160,harness,memcmp,81792,23360,8,168,0,105328
illustrative-ram-160,stack_window,tcp_input,3876,1742,5744,6720,14259,32341
illustrative-ram-160,harness,memset,3502,692,5536,0,14532,24262
illustrative-ram-160,stack_window,tcp_output,3035,1706,4736,2688,12012,24177
illustrative-ram-160,harness,inject,2256,802,5368,1512,13902,23840
illustrative-ram-160,stack_window,lwip_standard_chksum,20555,3198,0,0,0,23753
illustrative-ram-160,stack_window,tcp_receive,1694,797,2296,3696,5502,13985
illustrative-ram-160,stack_window,ip4_input,1820,714,2432,1680,6174,12820
illustrative-ram-160,stack_window,ip4_output_if_src,1199,528,2776,1008,7161,12672
illustrative-ram-160,stack_window,memset,1606,320,2576,840,6720,12062
illustrative-ram-160,stack_window,tcp_write,1248,456,1816,2184,4368,10072
illustrative-ram-160,stack_window,tcp_create_segment,790,420,2048,1008,5250,9516
illustrative-ram-160,harness,snapshot,1100,425,1432,1344,3675,7976
illustrative-ram-160,stack_window,inet_chksum_pseudo,1970,515,1464,168,3843,7960
illustrative-ram-160,harness,pbuf_copy_partial,1416,415,1280,336,3318,6765
illustrative-ram-160,harness,pbuf_alloc,700,266,1376,840,3528,6710
illustrative-ram-160,stack_window,pbuf_alloc,766,321,1504,168,3948,6707
illustrative-ram-160,stack_window,tcp_free_acked_segments.isra.0,850,450,1304,504,3360,6468
illustrative-ram-160,stack_window,pbuf_free,1081,380,1272,168,3318,6219
illustrative-ram-160,harness,mem_malloc,878,263,824,1512,1995,5472
illustrative-ram-160,stack_window,pbuf_get_at,1280,256,1032,168,2688,5424
illustrative-ram-160,harness,phase,567,297,880,1344,2268,5356
illustrative-ram-160,stack_window,mem_free,1276,413,720,840,1785,5034
illustrative-ram-160,harness,inet_chksum_pseudo,1036,266,800,336,2058,4496
illustrative-ram-160,harness,consume,786,271,656,840,1617,4170
illustrative-ram-160,stack_window,do_memp_malloc_pool,319,214,472,2184,966,4155
illustrative-ram-160,stack_window,phase,270,108,864,0,2268,3510
illustrative-ram-160,stack_window,mem_malloc,695,210,624,168,1638,3335
illustrative-ram-160,stack_window,pbuf_remove_header,560,168,672,0,1764,3164
illustrative-ram-160,stack_window,tcp_slowtmr,208,102,416,1512,798,3036
illustrative-ram-160,stack_window,pbuf_alloc_reference,184,120,704,0,1848,2856
illustrative-ram-160,harness,lwip_standard_chksum,1996,202,24,504,0,2726
illustrative-ram-160,stack_window,memp_free,378,189,528,168,1323,2586
illustrative-ram-160,stack_window,pbuf_add_header_impl,567,147,504,0,1323,2541
illustrative-ram-160,harness,pbuf_free,288,134,528,0,1386,2336
illustrative-ram-160,stack_window,on_recv,1372,173,176,168,441,2330
illustrative-ram-160,stack_window,session_task,202,57,264,1008,588,2119
illustrative-ram-160,harness,pbuf_add_header_impl,378,98,352,336,882,2046
illustrative-ram-160,stack_window,tcp_alloc,102,44,288,840,672,1946
illustrative-ram-160,harness,pbuf_remove_header,280,84,352,336,882,1934
illustrative-ram-160,stack_window,output_packet,187,88,368,168,924,1735
illustrative-ram-160,stack_window,lwip_htons,1524,0,0,0,0,1524
illustrative-ram-160,stack_window,tcp_output_alloc_header_common.constprop.0,77,39,256,504,609,1485
illustrative-ram-160,stack_window,pbuf_try_get_at,1024,384,0,0,0,1408
illustrative-ram-160,stack_window,on_sent,152,72,264,168,672,1328
illustrative-ram-160,stack_window,lwip_htonl,1313,0,0,0,0,1313
illustrative-ram-160,stack_window,tcp_enqueue_flags,89,34,152,672,315,1262
illustrative-ram-160,harness,lwip_htons,936,0,8,168,0,1112
illustrative-ram-160,stack_window,tcp_fasttmr,64,34,128,504,252,982
illustrative-ram-160,stack_window,tcp_listen_with_backlog_and_err,62,35,160,336,378,971
illustrative-ram-160,stack_window,tcp_close_shutdown,68,22,80,672,126,968
illustrative-ram-160,stack_window,tcp_seg_free,130,50,168,168,420,936
illustrative-ram-160,stack_window,tcp_bind,50,18,72,672,105,917
illustrative-ram-160,stack_window,tcp_parseopt.part.0,43,17,80,504,147,791
illustrative-ram-160,harness,lwip_htonl,780,0,0,0,0,780
illustrative-ram-160,stack_window,tcp_pcb_remove,45,23,112,336,252,768
illustrative-ram-160,stack_window,ip4_input_accept,196,42,24,504,0,766
illustrative-ram-160,stack_window,pbuf_cat,80,40,136,168,336,760
illustrative-ram-160,stack_window,memp_malloc,189,21,24,504,0,738
illustrative-ram-160,harness,inet_chksum,126,28,120,168,294,736
illustrative-ram-160,stack_window,inject,308,168,8,168,0,652
illustrative-ram-160,stack_window,ip4_addr_isbroadcast_u32,224,28,16,336,0,604
illustrative-ram-160,stack_window,inet_chksum,126,28,112,0,294,560
illustrative-ram-160,stack_window,tcp_output_control_segment_netif,48,22,88,168,210,536
illustrative-ram-160,stack_window,pbuf_clen,296,36,8,168,0,508
illustrative-ram-160,stack_window,on_accept,22,7,48,336,84,497
illustrative-ram-160,stack_window,tcp_output_alloc_header.constprop.0,19,11,40,336,63,469
illustrative-ram-160,stack_window,tcp_update_rcv_ann_wnd,100,25,48,168,105,446
illustrative-ram-160,stack_window,ip4_route,204,60,8,168,0,440
illustrative-ram-160,stack_window,tcp_recved,42,12,56,168,126,404
illustrative-ram-160,stack_window,pbuf_ref,55,22,88,0,231,396
illustrative-ram-160,harness,resources,20,17,64,168,126,395
illustrative-ram-160,stack_window,tcp_pcb_purge,35,13,48,168,105,369
illustrative-ram-160,stack_window,tcp_get_next_optbyte,36,20,40,168,84,348
illustrative-ram-160,stack_window,tcp_send_fin,16,9,40,168,84,317
illustrative-ram-160,stack_window,tcp_send_empty_ack,24,7,32,168,63,294
illustrative-ram-160,stack_window,tcp_close_shutdown_fin,20,6,32,168,63,289
illustrative-ram-160,stack_window,z0_stack_begin,54,0,8,168,0,230
illustrative-ram-160,stack_window,tcp_input_delayed_close,140,30,16,0,42,228
illustrative-ram-160,stack_window,tcp_close,15,4,16,168,21,224
illustrative-ram-160,stack_window,tcp_next_iss,6,3,16,168,21,214
illustrative-ram-160,stack_window,tcp_accept,6,2,16,168,21,213
illustrative-ram-160,stack_window,tcp_recv,3,1,16,168,21,209
illustrative-ram-160,stack_window,tcp_eff_send_mss_netif,28,2,8,168,0,206
illustrative-ram-160,harness,mem_free,63,21,32,0,84,200
illustrative-ram-160,stack_window,tcp_output_control_segment,23,11,40,0,105,179
illustrative-ram-160,stack_window,tcp_timer_needed,3,0,8,168,0,179
illustrative-ram-160,harness,tcp_capture_begin,2,0,8,168,0,178
illustrative-ram-160,stack_window,tcp_listen_with_backlog,2,0,8,168,0,178
illustrative-ram-160,stack_window,tcp_new,2,0,8,168,0,178
illustrative-ram-160,stack_window,ip4_output_if,55,11,0,0,0,66
illustrative-ram-160,harness,z0_stack_end,54,0,0,0,0,54
illustrative-ram-160,stack_window,pbuf_add_header,42,0,0,0,0,42
illustrative-ram-160,stack_window,tcp_sent,3,1,8,0,21,33
illustrative-ram-160,harness,pbuf_add_header,28,0,0,0,0,28
illustrative-ram-160,stack_window,ip_chksum_pseudo,25,0,0,0,0,25
illustrative-ram-160,stack_window,tcp_free,6,0,0,0,0,6
illustrative-ram-160,stack_window,tcp_segs_free,4,0,0,0,0,4
illustrative-ram-320,harness,memcpy,77769,25888,103552,77408,271824,556441
illustrative-ram-320,harness,session_task,71479,11942,94696,12136,248304,438557
illustrative-ram-320,harness,memcmp,81792,23360,8,328,0,105488
illustrative-ram-320,stack_window,tcp_input,3876,1742,5744,13120,14259,38741
illustrative-ram-320,stack_window,tcp_output,3035,1706,4736,5248,12012,26737
illustrative-ram-320,harness,inject,2256,802,5368,2952,13902,25280
illustrative-ram-320,harness,memset,3502,692,5536,0,14532,24262
illustrative-ram-320,stack_window,lwip_standard_chksum,20555,3198,0,0,0,23753
illustrative-ram-320,stack_window,tcp_receive,1694,797,2296,7216,5502,17505
illustrative-ram-320,stack_window,ip4_input,1820,714,2432,3280,6174,14420
illustrative-ram-320,stack_window,ip4_output_if_src,1199,528,2776,1968,7161,13632
illustrative-ram-320,stack_window,memset,1606,320,2576,1640,6720,12862
illustrative-ram-320,stack_window,tcp_write,1248,456,1816,4264,4368,12152
illustrative-ram-320,stack_window,tcp_create_segment,790,420,2048,1968,5250,10476
illustrative-ram-320,harness,snapshot,1100,425,1432,2624,3675,9256
illustrative-ram-320,stack_window,inet_chksum_pseudo,1970,515,1464,328,3843,8120
illustrative-ram-320,harness,pbuf_alloc,700,266,1376,1640,3528,7510
illustrative-ram-320,harness,pbuf_copy_partial,1416,415,1280,656,3318,7085
illustrative-ram-320,stack_window,tcp_free_acked_segments.isra.0,850,450,1304,984,3360,6948
illustrative-ram-320,harness,mem_malloc,878,263,824,2952,1995,6912
illustrative-ram-320,stack_window,pbuf_alloc,766,321,1504,328,3948,6867
illustrative-ram-320,harness,phase,567,297,880,2624,2268,6636
illustrative-ram-320,stack_window,pbuf_free,1081,380,1272,328,3318,6379
illustrative-ram-320,stack_window,do_memp_malloc_pool,319,214,472,4264,966,6235
illustrative-ram-320,stack_window,mem_free,1276,413,720,1640,1785,5834
illustrative-ram-320,stack_window,pbuf_get_at,1280,256,1032,328,2688,5584
illustrative-ram-320,harness,consume,786,271,656,1640,1617,4970
illustrative-ram-320,harness,inet_chksum_pseudo,1036,266,800,656,2058,4816
illustrative-ram-320,stack_window,tcp_slowtmr,208,102,416,2952,798,4476
illustrative-ram-320,stack_window,phase,270,108,864,0,2268,3510
illustrative-ram-320,stack_window,mem_malloc,695,210,624,328,1638,3495
illustrative-ram-320,harness,lwip_standard_chksum,1996,202,24,984,0,3206
illustrative-ram-320,stack_window,pbuf_remove_header,560,168,672,0,1764,3164
illustrative-ram-320,stack_window,session_task,202,57,264,1968,588,3079
illustrative-ram-320,stack_window,pbuf_alloc_reference,184,120,704,0,1848,2856
illustrative-ram-320,stack_window,memp_free,378,189,528,328,1323,2746
illustrative-ram-320,stack_window,tcp_alloc,102,44,288,1640,672,2746
illustrative-ram-320,stack_window,pbuf_add_header_impl,567,147,504,0,1323,2541
illustrative-ram-320,stack_window,on_recv,1372,173,176,328,441,2490
illustrative-ram-320,harness,pbuf_add_header_impl,378,98,352,656,882,2366
illustrative-ram-320,harness,pbuf_free,288,134,528,0,1386,2336
illustrative-ram-320,harness,pbuf_remove_header,280,84,352,656,882,2254
illustrative-ram-320,stack_window,tcp_output_alloc_header_common.constprop.0,77,39,256,984,609,1965
illustrative-ram-320,stack_window,tcp_enqueue_flags,89,34,152,1312,315,1902
illustrative-ram-320,stack_window,output_packet,187,88,368,328,924,1895
illustrative-ram-320,stack_window,tcp_close_shutdown,68,22,80,1312,126,1608
illustrative-ram-320,stack_window,tcp_bind,50,18,72,1312,105,1557
illustrative-ram-320,stack_window,lwip_htons,1524,0,0,0,0,1524
illustrative-ram-320,stack_window,on_sent,152,72,264,328,672,1488
illustrative-ram-320,stack_window,tcp_fasttmr,64,34,128,984,252,1462
illustrative-ram-320,stack_window,pbuf_try_get_at,1024,384,0,0,0,1408
illustrative-ram-320,stack_window,lwip_htonl,1313,0,0,0,0,1313
illustrative-ram-320,stack_window,tcp_listen_with_backlog_and_err,62,35,160,656,378,1291
illustrative-ram-320,harness,lwip_htons,936,0,8,328,0,1272
illustrative-ram-320,stack_window,tcp_parseopt.part.0,43,17,80,984,147,1271
illustrative-ram-320,stack_window,ip4_input_accept,196,42,24,984,0,1246
illustrative-ram-320,stack_window,memp_malloc,189,21,24,984,0,1218
illustrative-ram-320,stack_window,tcp_seg_free,130,50,168,328,420,1096
illustrative-ram-320,stack_window,tcp_pcb_remove,45,23,112,656,252,1088
illustrative-ram-320,stack_window,ip4_addr_isbroadcast_u32,224,28,16,656,0,924
illustrative-ram-320,stack_window,pbuf_cat,80,40,136,328,336,920
illustrative-ram-320,harness,inet_chksum,126,28,120,328,294,896
illustrative-ram-320,stack_window,on_accept,22,7,48,656,84,817
illustrative-ram-320,stack_window,inject,308,168,8,328,0,812
illustrative-ram-320,stack_window,tcp_output_alloc_header.constprop.0,19,11,40,656,63,789
illustrative-ram-320,harness,lwip_htonl,780,0,0,0,0,780
illustrative-ram-320,stack_window,tcp_output_control_segment_netif,48,22,88,328,210,696
illustrative-ram-320,stack_window,pbuf_clen,296,36,8,328,0,668
illustrative-ram-320,stack_window,tcp_update_rcv_ann_wnd,100,25,48,328,105,606
illustrative-ram-320,stack_window,ip4_route,204,60,8,328,0,600
illustrative-ram-320,stack_window,tcp_recved,42,12,56,328,126,564
illustrative-ram-320,stack_window,inet_chksum,126,28,112,0,294,560
illustrative-ram-320,harness,resources,20,17,64,328,126,555
illustrative-ram-320,stack_window,tcp_pcb_purge,35,13,48,328,105,529
illustrative-ram-320,stack_window,tcp_get_next_optbyte,36,20,40,328,84,508
illustrative-ram-320,stack_window,tcp_send_fin,16,9,40,328,84,477
illustrative-ram-320,stack_window,tcp_send_empty_ack,24,7,32,328,63,454
illustrative-ram-320,stack_window,tcp_close_shutdown_fin,20,6,32,328,63,449
illustrative-ram-320,stack_window,pbuf_ref,55,22,88,0,231,396
illustrative-ram-320,stack_window,z0_stack_begin,54,0,8,328,0,390
illustrative-ram-320,stack_window,tcp_close,15,4,16,328,21,384
illustrative-ram-320,stack_window,tcp_next_iss,6,3,16,328,21,374
illustrative-ram-320,stack_window,tcp_accept,6,2,16,328,21,373
illustrative-ram-320,stack_window,tcp_recv,3,1,16,328,21,369
illustrative-ram-320,stack_window,tcp_eff_send_mss_netif,28,2,8,328,0,366
illustrative-ram-320,stack_window,tcp_timer_needed,3,0,8,328,0,339
illustrative-ram-320,harness,tcp_capture_begin,2,0,8,328,0,338
illustrative-ram-320,stack_window,tcp_listen_with_backlog,2,0,8,328,0,338
illustrative-ram-320,stack_window,tcp_new,2,0,8,328,0,338
illustrative-ram-320,stack_window,tcp_input_delayed_close,140,30,16,0,42,228
illustrative-ram-320,harness,mem_free,63,21,32,0,84,200
illustrative-ram-320,stack_window,tcp_output_control_segment,23,11,40,0,105,179
illustrative-ram-320,stack_window,ip4_output_if,55,11,0,0,0,66
illustrative-ram-320,harness,z0_stack_end,54,0,0,0,0,54
illustrative-ram-320,stack_window,pbuf_add_header,42,0,0,0,0,42
illustrative-ram-320,stack_window,tcp_sent,3,1,8,0,21,33
illustrative-ram-320,harness,pbuf_add_header,28,0,0,0,0,28
illustrative-ram-320,stack_window,ip_chksum_pseudo,25,0,0,0,0,25
illustrative-ram-320,stack_window,tcp_free,6,0,0,0,0,6
illustrative-ram-320,stack_window,tcp_segs_free,4,0,0,0,0,4
