length,offset,Os_instructions_32_calls,O2_instructions_32_calls,instruction_reduction_percent
20,0,2722,3202,-17.634092578986042
20,1,2786,3042,-9.188801148600144
64,0,4642,4482,3.4467901766479967
64,1,5090,5282,-3.7721021611001966
511,0,26434,22978,13.074071271846863
511,1,26498,23106,12.800966110649862
1460,0,71842,60802,15.367055482865178
1460,1,71906,60642,15.664895836230636
1461,0,71938,60898,15.346548416692151
1461,1,72002,61026,15.244020999416682
8192,0,394786,329602,16.511223802262492
8192,1,395234,330402,16.403447071861226
