variant,function,self_memory_cycles,instruction_events,stack_window_cycles,harness_window_cycles
Os,memcpy,355062,78060,0,355062
Os,session_task,333458,95158,919,332539
Os,memcmp,105282,81792,0,105282
Os,lwip_standard_chksum,25954,22476,23706,2248
Os,memset,25454,4096,8112,17342
Os,tcp_input,19729,3817,19729,0
Os,inject,16356,2494,510,15846
Os,tcp_output,16355,3005,16355,0
Os,inet_chksum_pseudo,9240,2967,5998,3242
Os,pbuf_alloc,8988,1466,4686,4302
Os,ip4_input,8432,1806,8432,0
Os,ip4_output_if_src,8370,1177,8370,0
Os,tcp_receive,8325,1641,8325,0
Os,pbuf_free,6198,1369,4521,1677
Os,tcp_create_segment,6080,780,6080,0
Os,tcp_write,6048,1232,6048,0
Os,mem_malloc,5577,1548,2405,3172
Os,phase,5533,837,2456,3077
Os,snapshot,5026,1100,0,5026
Os,pbuf_copy_partial,4929,1416,0,4929
Os,tcp_free_acked_segments.isra.0,4382,840,4382,0
Os,pbuf_get_at,4122,1280,4122,0
Os,mem_free,3585,1314,3426,159
Os,pbuf_remove_header,3512,840,2324,1188
Os,pbuf_add_header_impl,3272,945,1932,1340
Os,assembly/unresolved,2778,293,0,2778
Os,consume,2725,786,0,2725
Os,__ssputs_r,2542,370,0,2542
Os,lwip_htons,2486,2460,1524,962
Os,lwip_htonl,2254,2093,1414,840
Os,on_recv,2124,1372,2124,0
Os,pbuf_alloc_reference,1976,184,1976,0
Os,memp_free,1835,378,1835,0
Os,do_memp_malloc_pool,1771,319,1771,0
Os,_svfprintf_r,1738,360,0,1738
Os,xTaskIncrementTick,1428,194,0,1428
Os,xTraceEventCreate1,1324,220,0,1324
Os,tcp_slowtmr,1294,204,1294,0
Os,pbuf_try_get_at,1280,896,1280,0
Os,memmove,1257,333,0,1257
Os,output_packet,1111,187,1111,0
Os,_printf_i,1111,212,0,1111
Os,_printf_common,1010,207,0,1010
Os,poc_write_all,990,203,0,990
Os,xTraceStreamPortWriteData,938,140,0,938
Os,tcp_alloc,874,100,874,0
Os,on_sent,874,144,874,0
Os,inet_chksum,866,252,420,446
Os,xTraceEventCreate2,752,118,0,752
Os,tcp_output_alloc_header_common.constprop.0,745,76,745,0
Os,poc_sh_write,695,77,0,695
Os,vTaskSwitchContext,635,110,0,635
Os,tcp_seg_free,622,130,622,0
Os,memchr,605,447,0,605
Os,xTraceEventCreateData2,525,74,0,525
Os,tcp_listen_with_backlog_and_err,516,60,516,0
Os,tcp_enqueue_flags,503,89,503,0
Os,xTraceVPrintF,478,406,0,478
Os,pbuf_clen,428,296,428,0
Os,snprintf,425,38,0,425
Os,pbuf_cat,424,80,424,0
Os,tcp_fasttmr,420,64,420,0
Os,vTaskSuspend,414,70,0,414
Os,xTraceTaskSwitch,400,66,0,400
Os,tcp_pcb_remove,348,45,348,0
Os,tcp_close_shutdown,308,68,308,0
Os,ip4_addr_isbroadcast_u32,304,224,304,0
Os,ip4_route,298,204,298,0
Os,tcp_parseopt.part.0,297,43,297,0
Os,poc_oracle_record,288,31,0,288
Os,pbuf_ref,286,55,286,0
Os,tcp_output_control_segment_netif,286,48,286,0
Os,tcp_update_rcv_ann_wnd,280,100,280,0
Os,ip4_input_accept,276,182,276,0
Os,memp_malloc,241,168,241,0
Os,tcp_bind,241,49,241,0
Os,xTracePrintF,232,18,0,232
Os,resources,230,20,0,230
Os,prvTraceVPrintF,217,32,0,217
Os,tcp_input_delayed_close,216,140,216,0
Os,tcp_get_next_optbyte,184,36,184,0
Os,tcp_recved,168,42,168,0
Os,tcp_pcb_purge,167,33,167,0
Os,vListInsertEnd,160,11,0,160
Os,on_accept,157,22,157,0
Os,tcp_output_control_segment,155,23,155,0
Os,uxListRemove,148,15,0,148
Os,poc_mark,139,23,0,139
Os,tcp_output_alloc_header.constprop.0,139,19,139,0
Os,tcp_send_fin,135,16,135,0
Os,tcp_close_shutdown_fin,117,20,117,0
Os,poc_mtime,115,81,0,115
Os,tcp_send_empty_ack,114,24,114,0
Os,pbuf_add_header,112,70,42,70
Os,tcp_close,92,15,92,0
Os,tcp_next_iss,81,6,81,0
Os,timing_observer,76,14,0,76
Os,ip4_output_if,66,55,66,0
Os,call,62,28,0,62
Os,__clzsi2,56,28,0,56
Os,prvResetNextTaskUnblockTime,55,7,0,55
Os,z0_stack_begin,54,54,54,0
Os,z0_stack_end,54,54,0,54
Os,tcp_accept,53,6,53,0
Os,tcp_free,42,6,42,0
Os,tcp_eff_send_mss_netif,30,28,30,0
Os,tcp_timer_needed,29,3,29,0
Os,tcp_capture_begin,28,2,0,28
Os,tcp_new,28,2,28,0
Os,tcp_listen_with_backlog,28,2,28,0
Os,poc_irq_restore,28,28,0,28
Os,ip_chksum_pseudo,25,25,25,0
Os,tcp_sent,23,3,23,0
Os,tcp_recv,23,3,23,0
Os,vTaskDelay,6,4,0,6
Os,tcp_segs_free,4,4,4,0
Os,xTaskGetTickCount,3,2,0,3
O2,memcpy,355062,78060,0,355062
O2,session_task,333466,95158,919,332547
O2,memcmp,105242,81792,0,105242
O2,memset,25462,4096,8112,17350
O2,lwip_standard_chksum,24297,20767,21555,2742
O2,tcp_input,19733,3817,19733,0
O2,inject,16356,2494,502,15854
O2,tcp_output,16296,3005,16296,0
O2,inet_chksum_pseudo,9247,3178,5961,3286
O2,pbuf_alloc,8929,1466,4667,4262
O2,ip4_input,8470,1806,8470,0
O2,ip4_output_if_src,8369,1177,8369,0
O2,tcp_receive,8051,1641,8051,0
O2,pbuf_free,6165,1369,4489,1676
O2,tcp_create_segment,6088,780,6088,0
O2,tcp_write,6058,1232,6058,0
O2,mem_malloc,5551,1548,2405,3146
O2,phase,5533,837,2456,3077
O2,snapshot,5026,1100,0,5026
O2,pbuf_copy_partial,4962,1416,0,4962
O2,tcp_free_acked_segments.isra.0,4436,840,4436,0
O2,pbuf_get_at,3994,1280,3994,0
O2,mem_free,3612,1314,3451,161
O2,pbuf_remove_header,3538,840,2324,1214
O2,pbuf_add_header_impl,3263,945,1911,1352
O2,assembly/unresolved,2770,293,0,2770
O2,consume,2693,786,0,2693
O2,__ssputs_r,2542,370,0,2542
O2,lwip_htons,2486,2460,1524,962
O2,lwip_htonl,2254,2093,1414,840
O2,on_recv,2124,1372,2124,0
O2,pbuf_alloc_reference,1976,184,1976,0
O2,do_memp_malloc_pool,1797,319,1797,0
O2,memp_free,1772,378,1772,0
O2,_svfprintf_r,1738,360,0,1738
O2,xTaskIncrementTick,1428,194,0,1428
O2,xTraceEventCreate1,1324,220,0,1324
O2,tcp_slowtmr,1304,204,1304,0
O2,pbuf_try_get_at,1280,896,1280,0
O2,memmove,1257,333,0,1257
O2,output_packet,1111,187,1111,0
O2,_printf_i,1111,212,0,1111
O2,_printf_common,1010,207,0,1010
O2,poc_write_all,990,203,0,990
O2,xTraceStreamPortWriteData,938,140,0,938
O2,inet_chksum,900,252,420,480
O2,tcp_alloc,876,100,876,0
O2,on_sent,874,144,874,0
O2,tcp_output_alloc_header_common.constprop.0,772,76,772,0
O2,xTraceEventCreate2,752,118,0,752
O2,poc_sh_write,695,77,0,695
O2,vTaskSwitchContext,635,110,0,635
O2,memchr,605,447,0,605
O2,tcp_seg_free,594,130,594,0
O2,xTraceEventCreateData2,525,74,0,525
O2,tcp_listen_with_backlog_and_err,516,60,516,0
O2,tcp_enqueue_flags,504,89,504,0
O2,xTraceVPrintF,478,406,0,478
O2,pbuf_cat,450,80,450,0
O2,tcp_fasttmr,430,64,430,0
O2,snprintf,425,38,0,425
O2,vTaskSuspend,414,70,0,414
O2,xTraceTaskSwitch,400,66,0,400
O2,tcp_pcb_remove,374,45,374,0
O2,pbuf_clen,358,296,358,0
O2,ip4_route,322,204,322,0
O2,ip4_addr_isbroadcast_u32,304,224,304,0
O2,ip4_input_accept,302,182,302,0
O2,poc_oracle_record,288,31,0,288
O2,pbuf_ref,286,55,286,0
O2,tcp_output_control_segment_netif,286,48,286,0
O2,tcp_close_shutdown,283,68,283,0
O2,tcp_parseopt.part.0,271,43,271,0
O2,memp_malloc,267,168,267,0
O2,tcp_update_rcv_ann_wnd,246,100,246,0
O2,tcp_bind,240,49,240,0
O2,xTracePrintF,232,18,0,232
O2,resources,222,20,0,222
O2,prvTraceVPrintF,217,32,0,217
O2,tcp_input_delayed_close,216,140,216,0
O2,tcp_recved,196,42,196,0
O2,vListInsertEnd,160,11,0,160
O2,tcp_get_next_optbyte,158,36,158,0
O2,on_accept,157,22,157,0
O2,tcp_output_control_segment,155,23,155,0
O2,tcp_pcb_purge,149,33,149,0
O2,uxListRemove,148,15,0,148
O2,tcp_close_shutdown_fin,143,20,143,0
O2,poc_mark,139,23,0,139
O2,tcp_send_fin,135,16,135,0
O2,poc_mtime,115,81,0,115
O2,tcp_send_empty_ack,114,24,114,0
O2,tcp_output_alloc_header.constprop.0,113,19,113,0
O2,ip4_output_if,100,55,100,0
O2,tcp_close,90,15,90,0
O2,timing_observer,76,14,0,76
O2,pbuf_add_header,70,70,42,28
O2,call,62,28,0,62
O2,tcp_eff_send_mss_netif,58,28,58,0
O2,__clzsi2,56,28,0,56
O2,prvResetNextTaskUnblockTime,55,7,0,55
O2,z0_stack_begin,54,54,54,0
O2,z0_stack_end,54,54,0,54
O2,tcp_next_iss,54,6,54,0
O2,tcp_accept,53,6,53,0
O2,tcp_sent,49,3,49,0
O2,tcp_timer_needed,29,3,29,0
O2,tcp_capture_begin,28,2,0,28
O2,tcp_new,28,2,28,0
O2,tcp_listen_with_backlog,28,2,28,0
O2,poc_irq_restore,28,28,0,28
O2,ip_chksum_pseudo,25,25,25,0
O2,tcp_recv,23,3,23,0
O2,tcp_free,6,6,6,0
O2,vTaskDelay,6,4,0,6
O2,tcp_segs_free,4,4,4,0
O2,xTaskGetTickCount,3,2,0,3
